[
  {
    "index": 1,
    "rank": "E",
    "misiii": "Penjaga Hutan",
    "exp": 1000,
    "healt": 80,
    "stamina": 80,
    "crystal": 5,
    "title": "Pelindung Hutan",
    "point": 1,
    "gems": 0
  },
  {
    "index": 2,
    "rank": "D",
    "misii": "Pencarian Barang Hilang",
    "exp": 1000,
    "healt": 70,
    "stamina": 70,
    "crystal": 8,
    "title": "Penjelajah Gua",
    "point": 2,
    "gems": 0
  },
  {
    "index": 3,
    "rank": "C",
    "misii": "Menyelamatkan Tawanan",
    "exp": 1000,
    "healt": 60,
    "stamina": 60,
    "crystal": 12,
    "title": "Pembebas Tawanan",
    "point": 3,
    "gems": 1
  },
  {
    "index": 4,
    "rank": "B",
    "misii": "Penyelamatan Nelayan",
    "exp": 1000,
    "healt": 50,
    "stamina": 50,
    "crystal": 16,
    "title": "Pemimpin Penyelamat",
    "point": 5,
    "gems": 2
  },
  {
    "index": 5,
    "rank": "A",
    "misii": "Pengejaran Bandit",
    "exp": 1000,
    "healt": 40,
    "stamina": 40,
    "crystal": 20,
    "title": "Penghancur Bandit",
    "point": 8,
    "gems": 3
  },
  {
    "index": 6,
    "rank": "S",
    "misii": "Menaklukkan Naga",
    "exp": 1000,
    "healt": 30,
    "stamina": 30,
    "crystal": 25,
    "title": "Pahlawan Penakluk",
    "point": 10,
    "gems": 5
  },
  {
    "index": 7,
    "rank": "SS",
    "misii": "misii Legendaris",
    "exp": 1000,
    "healt": 20,
    "stamina": 20,
    "crystal": 30,
    "title": "Legenda Hidup",
    "point": 12,
    "gems": 7
  },
  {
    "index": 8,
    "rank": "E",
    "misii": "Melindungi Karavan",
    "exp": 1000,
    "healt": 75,
    "stamina": 75,
    "crystal": 6,
    "title": "Pengawal Karavan",
    "point": 1,
    "gems": 0
  },
  {
    "index": 9,
    "rank": "D",
    "misii": "Menyusup ke Benteng Musuh",
    "exp": 1000,
    "healt": 65,
    "stamina": 65,
    "crystal": 9,
    "title": "Spion Mencuri",
    "point": 2,
    "gems": 0
  },
  {
    "index": 10,
    "rank": "C",
    "misii": "Menyelamatkan Ahli Sihir",
    "exp": 1000,
    "healt": 55,
    "stamina": 55,
    "crystal": 13,
    "title": "Pahlawan Penyelamat",
    "point": 3,
    "gems": 1
  },
  {
    "index": 11,
    "rank": "B",
    "misii": "Mengalahkan Raja Golem",
    "exp": 1000,
    "healt": 45,
    "stamina": 45,
    "crystal": 17,
    "title": "Penghancur Golem",
    "point": 5,
    "gems": 2
  },
  {
    "index": 12,
    "rank": "A",
    "misii": "Pertarungan dengan Penguasa Iblis",
    "exp": 1000,
    "healt": 35,
    "stamina": 35,
    "crystal": 21,
    "title": "Pembinasa Iblis",
    "point": 8,
    "gems": 3
  },
  {
    "index": 13,
    "rank": "S",
    "misii": "Menembus Penjara Legendaris",
    "exp": 1000,
    "healt": 25,
    "stamina": 25,
    "crystal": 26,
    "title": "Narapidana Hebat",
    "point": 10,
    "gems": 5
  },
  {
    "index": 14,
    "rank": "SS",
    "misii": "misii Keabadian",
    "exp": 1000,
    "healt": 15,
    "stamina": 15,
    "crystal": 31,
    "title": "Keabadian Terwujud",
    "point": 12,
    "gems": 7
  },
  {
    "index": 15,
    "rank": "E",
    "misii": "Melindungi Desa dari Serangan Harimau",
    "exp": 1000,
    "healt": 70,
    "stamina": 70,
    "crystal": 7,
    "title": "Pemburu Harimau",
    "point": 1,
    "gems": 0
  },
  {
    "index": 16,
    "rank": "D",
    "misii": "Mengembalikan Artefak Kuno",
    "exp": 1000,
    "healt": 60,
    "stamina": 60,
    "crystal": 10,
    "title": "Arkeolog Ahli",
    "point": 2,
    "gems": 0
  },
  {
    "index": 17,
    "rank": "C",
    "misii": "Menyelesaikan Konflik Antar Suku",
    "exp": 1000,
    "healt": 50,
    "stamina": 50,
    "crystal": 14,
    "title": "Pemersatu Bangsa",
    "point": 3,
    "gems": 1
  },
  {
    "index": 18,
    "rank": "B",
    "misii": "Mengalahkan Pasukan Undead",
    "exp": 1000,
    "healt": 40,
    "stamina": 40,
    "crystal": 18,
    "title": "Penghancur Kematian",
    "point": 5,
    "gems": 2
  },
  {
    "index": 19,
    "rank": "A",
    "misii": "Pertarungan dengan Raja Vampir",
    "exp": 1000,
    "healt": 30,
    "stamina": 30,
    "crystal": 22,
    "title": "Pembinasa Vampir",
    "point": 8,
    "gems": 3
  },
  {
    "index": 20,
    "rank": "S",
    "misii": "Mencari Harta Tersembunyi",
    "exp": 1000,
    "healt": 20,
    "stamina": 20,
    "crystal": 27,
    "title": "Penjelajah Harta",
    "point": 10,
    "gems": 5
  },
  {
    "index": 21,
    "rank": "SS",
    "misii": "misii Terlarang",
    "exp": 1000,
    "healt": 10,
    "stamina": 10,
    "crystal": 32,
    "title": "Terlarang dan Legendaris",
    "point": 12,
    "gems": 7
  },
  {
    "index": 22,
    "rank": "E",
    "misii": "Mengamankan Perguruan Tinggi Sihir",
    "exp": 1000,
    "healt": 65,
    "stamina": 65,
    "crystal": 7,
    "title": "Penjaga Ilmu Sihir",
    "point": 1,
    "gems": 0
  },
  {
    "index": 23,
    "rank": "D",
    "misii": "Menjaga Perbatasan",
    "exp": 1000,
    "healt": 55,
    "stamina": 55,
    "crystal": 10,
    "title": "Pengawal Perbatasan",
    "point": 2,
    "gems": 0
  },
  {
    "index": 24,
    "rank": "C",
    "misii": "Melawan Suku Barbar",
    "exp": 1000,
    "healt": 45,
    "stamina": 45,
    "crystal": 15,
    "title": "Pembela Keadilan",
    "point": 3,
    "gems": 1
  },
  {
    "index": 25,
    "rank": "B",
    "misii": "Menumpas Monster Laut Raksasa",
    "exp": 1000,
    "healt": 35,
    "stamina": 35,
    "crystal": 20,
    "title": "Penguasa Lautan",
    "point": 5,
    "gems": 2
  },
  {
    "index": 26,
    "rank": "A",
    "misii": "Pertarungan dengan Ratu Naga",
    "exp": 1000,
    "healt": 25,
    "stamina": 25,
    "crystal": 25,
    "title": "Pembinasa Naga",
    "point": 8,
    "gems": 3
  },
  {
    "index": 27,
    "rank": "S",
    "misii": "Menghancurkan Portal Ke Dunia Gelap",
    "exp": 1000,
    "healt": 15,
    "stamina": 15,
    "crystal": 30,
    "title": "Pemusnah Portal",
    "point": 10,
    "gems": 5
  },
  {
    "index": 28,
    "rank": "SS",
    "misii": "misii Tak Terlupakan",
    "exp": 1000,
    "healt": 5,
    "stamina": 5,
    "crystal": 35,
    "title": "Kisah Abadi",
    "point": 12,
    "gems": 7
  },
  {
    "index": 29,
    "rank": "E",
    "misii": "Menjaga Perdamaian di Desa",
    "exp": 1000,
    "healt": 60,
    "stamina": 60,
    "crystal": 8,
    "title": "Pengayom Desa",
    "point": 1,
    "gems": 0
  },
  {
    "index": 30,
    "rank": "D",
    "misii": "Melacak Hantu Penyihir",
    "exp": 1000,
    "healt": 50,
    "stamina": 50,
    "crystal": 11,
    "title": "Pendeteksi Hantu",
    "point": 2,
    "gems": 0
  },
  {
    "index": 31,
    "rank": "C",
    "misii": "Menjaga Perbatasan Kerajaan",
    "exp": 1000,
    "healt": 40,
    "stamina": 40,
    "crystal": 16,
    "title": "Pengawal Kerajaan",
    "point": 3,
    "gems": 1
  },
  {
    "index": 32,
    "rank": "B",
    "misii": "Menghadapi Raja Iblis",
    "exp": 1000,
    "healt": 30,
    "stamina": 30,
    "crystal": 21,
    "title": "Pembinasa Iblis",
    "point": 5,
    "gems": 2
  },
  {
    "index": 33,
    "rank": "A",
    "misii": "Pertarungan dengan Dewa Penguasa",
    "exp": 1000,
    "healt": 20,
    "stamina": 20,
    "crystal": 26,
    "title": "Pemusnah Dewa",
    "point": 8,
    "gems": 3
  },
  {
    "index": 34,
    "rank": "S",
    "misii": "Menaklukkan Dunia Gelap",
    "exp": 1000,
    "healt": 10,
    "stamina": 10,
    "crystal": 31,
    "title": "Penguasa Gelap",
    "point": 10,
    "gems": 5
  },
  {
    "index": 35,
    "rank": "SS",
    "misii": "misii Kehidupan Abadi",
    "exp": 1000,
    "healt": 5,
    "stamina": 5,
    "crystal": 36,
    "title": "Kehidupan Abadi",
    "point": 12,
    "gems": 7
  }
]
