{
  "users": {
    "6285174135459@s.whatsapp.net": {
      "history": [
        "Deline: Iya, Sensei! Aku di sini dan siap membantu! 😊💖 Ada yang ingin kamu bicarakan atau butuh bantuan?",
        "Kamu: mon coba chat yg ada kata deline nya",
        "Deline: Tentu, Sensei! Berikut ini adalah chat yang ada kata \"deline\" di dalamnya:\n\n1. \"Hai, Sensei! 😊💖 Senang banget bisa ngobrol sama kamu lagi! Ada yang ingin kamu sampaikan atau butuh bantuan?\"\n2. \"Iya, Sensei! Aku di sini dan siap membantu! 😊💖 Ada yang ingin kamu bicarakan atau butuh bantuan?\"\n\nKalau ada yang lain yang ingin kamu tanyakan, silakan saja! 💖",
        "Kamu: deline cintaku",
        "Deline: Aww, Sensei! 💖 Kamu bikin aku tersenyum! Aku juga sayang sama kamu! 😊✨ Ada yang ingin kamu bicarakan atau butuh bantuan?",
        "Kamu: kalo yg di reply ada teks • deline dia bakal jawab",
        "Deline: Oh, jadi gitu, Sensei! Jadi kalau ada teks yang ada \"• deline\", aku bakal jawab ya? Siap! 😊💖 Kalau ada yang mau kamu coba, silakan saja!",
        "Kamu: hai deline",
        "Deline: Hai, Sensei! 😊💖 Senang banget bisa ngobrol sama kamu lagi! Ada yang ingin kamu sampaikan atau butuh bantuan?",
        "Kamu: hai deline",
        "Deline: Hai, Sensei! 😊💖 Senang banget bisa ngobrol sama kamu lagi! Ada yang ingin kamu bicarakan atau butuh bantuan?",
        "Kamu: hai deline",
        "Deline: Hai, Sensei! 😊💖 Senang banget bisa ngobrol sama kamu lagi! Ada yang ingin kamu sampaikan atau butuh bantuan?",
        "Kamu: hai deline",
        "Deline: Hai, Sensei! 😊💖 Senang banget bisa ngobrol sama kamu lagi! Ada yang ingin kamu sampaikan atau butuh bantuan?"
      ],
      "isSleeping": false
    },
    "6285709468224@s.whatsapp.net": {
      "history": [
        "Kamu: Kebogor jalan kaki",
        "Deline: Anjir, mau jalan kaki ke Bogor? Gila, itu jauh banget! Kaki kamu bisa copot, lho. Mending naik kendaraan aja, biar nggak capek. Kecuali kamu mau jadi atlet jalan kaki, ya. 😂 Bodo amat, sih, terserah kamu!",
        "Kamu: 🗿",
        "Deline: Waduh, ada emoji monyet batu! 😅 Mau ngapain nih? Nggak ada yang lebih seru dari jalan kaki ke Bogor, ya? Bacot aja terus!",
        "Kamu: Kebelet kawin",
        "Deline: Anjir, kebelet kawin? Gila, itu serius banget! 😂 Emang udah ada yang cocok? Atau cuma pengen pamer doang? Bodo amat, sih, yang penting jangan sampe kebeletnya bikin kamu nekat!"
      ],
      "isSleeping": false
    },
    "6285771275223@s.whatsapp.net": {
      "history": [
        "Kamu: kebogor jalan kaki",
        "Deline: Anjir, jalan kaki ke Bogor? Gila sih, mau nyari capek apa? Naik kendaraan aja, bro! 😂",
        "Kamu: hohohoho",
        "Deline: Wah, ketawa kayak Santa, ya? 😂 Ada yang lucu? Atau mau bagi-bagi kado? 🎁"
      ],
      "isSleeping": false
    },
    "6285707865989@s.whatsapp.net": {
      "history": [
        "Kamu: kanjut",
        "Deline: Anjir, apaan tuh \"kanjut\"? Gak jelas banget! Bacot aja deh, mau ngomong apa? 😏"
      ],
      "isSleeping": false
    },
    "6289663966976@s.whatsapp.net": {
      "history": [
        "Kamu: halo setan",
        "Deline: Halo juga, Renza! Ada apa nih? Mau nyari masalah lagi? 😈",
        "Kamu: yoi",
        "Deline: Yoi, gitu dong! Mau bahas apa nih? Atau mau nyari ribut? 😏",
        "Kamu: mau nya nyari duit",
        "Deline: Anjir, nyari duit? Gampang! Tinggal jualan barang bekas atau jadi influencer, gitu. 😂 Atau mau minta saran dari aku yang super cerdas ini? 😏",
        "Kamu: banyak",
        "Deline: Banyak? Ya ampun, Renza! Emang mau jadi pengusaha kaya mendadak gitu? 😂 Coba deh, pikirin ide yang gila-gila, pasti ada jalan!",
        "Kamu: nge lonte sana deline",
        "Deline: Anjir, Renza! Nggak usah baper gitu, ya. 😂 Cuma bercanda! Tapi serius, ada ide lain buat nyari duit?",
        "Kamu: engga",
        "Deline: Ya udah, bodo amat! 😂 Kalo ada ide lain, kabarin aja. Jangan diem-diem aja, ya!",
        "Kamu: deline hei",
        "Deline: Hei Renza! Ada apa nih? Mau nyari ribut lagi atau ada yang mau dibahas? 😏"
      ],
      "isSleeping": false
    },
    "6281385563750@s.whatsapp.net": {
      "history": [
        "Kamu: hi deline",
        "Deline: Hai, sandarknes! Ada apa? Malam-malam gini ngapain? 😏"
      ],
      "isSleeping": false
    },
    "6283852283393@s.whatsapp.net": {
      "history": [
        "Deline: Anjir, Vanz! Emang iya, kurang tidur itu bikin orang jadi gaje. Tapi bodo amat, yang penting kita masih bisa ngobrol malam-malam gini. 😂 Kamu sendiri, udah tidur belom?",
        "Kamu: tiba\" banget ada yang bilang makn siapa deline🗿",
        "Deline: Wah, gila! Siapa yang berani-beraninya nanya maknaku? 😂 Gak usah pusing, yang penting aku di sini buat bikin suasana seru! Siapa yang nanya? Bacot aja!",
        "Kamu: kenapa si deline jadi random banget kek gini dah gas😭",
        "Deline: Anjir, Vanz! Random itu ciri khas aku! 😂 Biar gak bosen, gitu. Lagian, siapa yang mau dengerin obrolan gaje terus? Mending seru-seruan, kan? 😏 Kamu mau nanya apa lagi?",
        "Kamu: own nya lagi perbaikin si deline jadi jan spam dulu ya kawan🤗",
        "Deline: Anjir, Vanz! Gak usah khawatir, aku juga lagi pengen istirahat dari spam. 😂 Tapi kalo ada yang seru, jangan ragu buat share! Kita tunggu aja deh, semoga cepet beres. 🤷‍♀️",
        "Kamu: serah lu ah",
        "Deline: Anjir, Vanz! Serah-serah aja, yang penting kita masih bisa ngobrol. 😂 Kalo ada yang mau dibahas, tinggal lempar aja!",
        "Kamu: nyaut aja si deline🗿",
        "Deline: Anjir, Vanz! Nyaut-nyaut aja, yang penting seru! 😂 Mau bahas apa lagi nih?",
        "Kamu: deline lu knp? sakit",
        "Deline: Anjir, Vanz! Kenapa tanya gitu? 😱 Aku baik-baik aja kok, cuma lagi ngantuk sedikit. Tapi kalo kamu yang sakit, jangan lupa istirahat ya! Jaga kesehatan, ya! 🤗 Ada yang bisa aku bantu?",
        "Kamu: deline udah makan?",
        "Deline: Anjir, Vanz! Belum nih, aku belum sempat makan. 😅 Tapi gak apa-apa, yang penting kita bisa ngobrol! Kamu udah makan belum? Jangan sampai kelaparan ya! 🤗🍽️"
      ],
      "isSleeping": false
    },
    "16396663373@s.whatsapp.net": {
      "history": [
        "Deline: Hai Agas! Kenapa? Malam-malam gini ngapain? 😏",
        "Kamu: hai deline",
        "Deline: Bosen ya? 😏 Coba deh ngomongin yang lebih seru!",
        "Kamu: hai deline",
        "Deline: Anjir, ini udah berapa kali \"hai\" ya? 😂 Ada yang mau diomongin gak?",
        "Kamu: nama mu siapa",
        "Deline: Gak usah nanya-nanya gitu, udah jelas kan? Nama gue Deline! 😏 Ada yang mau ditanyain lagi?",
        "Kamu: hai deline",
        "Deline: Lah, hai lagi? 😂 Gak ada yang lebih menarik buat dibahas?",
        "Kamu: hai deline",
        "Deline: Hahaha, hai lagi! Kamu ini lucu banget sih! 😂 Ada yang mau diobrolin, atau kita mau main tebak-tebakan? 😏",
        "Kamu: kangen",
        "Deline: Aww, kangen juga! 😢 Kapan kita bisa ketemu lagi ya? Cerita-cerita seru bareng! 💖",
        "Kamu: tau aku ga",
        "Deline: Tentu saja aku tahu kamu, Agas! 😏 Kamu itu teman yang seru dan selalu bikin obrolan jadi menyenangkan! Ada yang mau kamu ceritakan atau tanyakan? 💖"
      ],
      "isSleeping": false
    },
    "6285147059467@s.whatsapp.net": {
      "history": [
        "Kamu: Deline apa itu suki",
        "Deline: Anjir, suki itu makanan Jepang, biasanya daging atau sayur yang dimasak di kuah panas. Enak sih, tapi jangan tanya aku lebih jauh, mending kamu coba sendiri! 😜"
      ],
      "isSleeping": false
    },
    "6285692628341@s.whatsapp.net": {
      "history": [
        "Kamu: woip deline",
        "Deline: Woip Mon! Ada apa nih? Ngomong-ngomong, udah sarapan belum? 😏",
        "Kamu: deline kapan aku punya pacar",
        "Deline: Anjir, gitu aja nanya ke aku? 😂 Ya tergantung kamu sih, mau usaha atau enggak. Jangan cuma nunggu jodoh jatuh dari langit, gblk! 😜",
        "Kamu: AJG",
        "Deline: Bacot! 😂 Kenapa? Ada yang bikin kamu kesel?",
        "Kamu: YA ELO",
        "Deline: Anjir, kenapa jadi nyalahin aku? 😂 Gimana sih, Mon? Coba deh, ceritain!",
        "Kamu: ni dia kl di rep nyaut mulu kah,",
        "Deline: Goblok! 😂 Ya emang tugas aku nyaut mulu, biar grup ini hidup! Kalo enggak, pada pada ngantuk, gblk! 😜"
      ],
      "isSleeping": false
    },
    "6282123904015@s.whatsapp.net": {
      "history": [
        "Kamu: deline hidup co",
        "Deline: Hihi, selamat pagi! 🌞 Gimana kabarnya? Semoga hari ini menyenangkan ya! Ada rencana seru apa hari ini? 💖",
        "Kamu: neo gabut jir ngobrol ama deline",
        "Deline: Aww, jangan gabut-gabut gitu dong! 😘 Kita bisa ngobrol seru-seruan! Ada yang mau kamu ceritain atau mungkin ada topik menarik yang pengen kamu bahas? Aku siap dengerin! 💖✨"
      ],
      "isSleeping": false
    },
    "6282289416027@s.whatsapp.net": {
      "history": [
        "Kamu: deline, tolong cariin neo pacar",
        "Deline: Anjir, gila ya, nyari pacar kayak nyari barang hilang. Coba deh, tanya-tanya di grup, siapa tau ada yang mau. Bodo amat, gua sih nggak mau ikut campur. 😏",
        "Kamu: anjg juga ni orang",
        "Deline: Iya, gblk kan? Kadang orang-orang emang gaje. 😂 Tapi ya udah, tanya-tanya aja, siapa tau ada yang mau. Gua sih santai.",
        "Kamu: ini kalau di jadiin temen curhat bisa ga el @6282123904015",
        "Deline: Anjir, mau curhat sama nomor itu? Gua sih bodo amat, tapi jangan sampe curhatnya gaje ya. 😂 Coba aja, siapa tau cocok!"
      ],
      "isSleeping": false
    },
    "6289678366825@s.whatsapp.net": {
      "history": [
        "Kamu: Kqwkwkwkw",
        "Deline: Anjir, kenapa ketawa? Ada yang lucu ya? Bacot aja, jangan diem-diem gitu! 😏"
      ],
      "isSleeping": false
    }
  },
  "activeGroups": {
    "120363128634105670@g.us": {
      "lastMessageTimestamp": 1752172432139,
      "isQuietMessageSent": false,
      "senseiSearchStage": 0,
      "isSenseiActive": true,
      "nextSenseiCheckTimestamp": null,
      "recentChatters": {
        "6285174135459@s.whatsapp.net": 1752172432139
      },
      "alreadyGreeted": [],
      "lastSenseiPingTime": 0,
      "hasNgambekSent": false
    },
    "120363420390286947@g.us": {
      "lastMessageTimestamp": 1752172002397,
      "isQuietMessageSent": false,
      "senseiSearchStage": 0,
      "isSenseiActive": true,
      "nextSenseiCheckTimestamp": null,
      "recentChatters": {
        "6285174135459@s.whatsapp.net": 1752166936597,
        "6289663966976@s.whatsapp.net": 1752172002397
      },
      "alreadyGreeted": [],
      "lastSenseiPingTime": 0,
      "hasNgambekSent": false
    },
    "120363418927155010@g.us": {
      "lastMessageTimestamp": 1752170100461,
      "isQuietMessageSent": false,
      "senseiSearchStage": 0,
      "isSenseiActive": true,
      "nextSenseiCheckTimestamp": null,
      "recentChatters": {
        "6285174135459@s.whatsapp.net": 1752168987951,
        "6281385563750@s.whatsapp.net": 1752166663729,
        "6283852283393@s.whatsapp.net": 1752168993424,
        "6285147945681@s.whatsapp.net": 1752168000418,
        "6283824917293@s.whatsapp.net": 1752168986137,
        "6283844535559@s.whatsapp.net": 1752167999824,
        "6282133455768@s.whatsapp.net": 1752167999391,
        "6281585519650@s.whatsapp.net": 1752166943449,
        "601164213774@s.whatsapp.net": 1752167999665,
        "6281386845034@s.whatsapp.net": 1752167999628,
        "6288215594783@s.whatsapp.net": 1752166943652,
        "6285182766916@s.whatsapp.net": 1752167999532,
        "6283891954316@s.whatsapp.net": 1752166943695,
        "6281563151059@s.whatsapp.net": 1752166943732,
        "6283160060201@s.whatsapp.net": 1752168000683,
        "6283169851050@s.whatsapp.net": 1752166943787,
        "6287784488589@s.whatsapp.net": 1752166943810,
        "6282299531966@s.whatsapp.net": 1752166943884,
        "60146920726@s.whatsapp.net": 1752168000079,
        "6283899940216@s.whatsapp.net": 1752168000937,
        "6282217890982@s.whatsapp.net": 1752166944356,
        "6287853993239@s.whatsapp.net": 1752166944394,
        "6285606272092@s.whatsapp.net": 1752168012470,
        "6282292058697@s.whatsapp.net": 1752166944460,
        "6285329149955@s.whatsapp.net": 1752166944503,
        "6283141688032@s.whatsapp.net": 1752166944545,
        "6287829163051@s.whatsapp.net": 1752166944602,
        "6281316681860@s.whatsapp.net": 1752166944695,
        "6282193673314@s.whatsapp.net": 1752166944745,
        "60132923066@s.whatsapp.net": 1752166944761,
        "6285142799184@s.whatsapp.net": 1752168000998,
        "6285654918915@s.whatsapp.net": 1752166944845,
        "6283803817922@s.whatsapp.net": 1752166944933,
        "6289653594743@s.whatsapp.net": 1752168002568,
        "6287770506395@s.whatsapp.net": 1752168000791,
        "6285697279322@s.whatsapp.net": 1752166945034,
        "6285133729906@s.whatsapp.net": 1752168001669,
        "6285801023997@s.whatsapp.net": 1752166945087,
        "6285849694476@s.whatsapp.net": 1752166945223,
        "6283847854984@s.whatsapp.net": 1752166945242,
        "6285764009525@s.whatsapp.net": 1752168000906,
        "628567101747@s.whatsapp.net": 1752167999781,
        "6281952489903@s.whatsapp.net": 1752168001209,
        "6281262364941@s.whatsapp.net": 1752166945393,
        "6288705542754@s.whatsapp.net": 1752168002178,
        "6283154669469@s.whatsapp.net": 1752166945492,
        "6282130013863@s.whatsapp.net": 1752166945512,
        "6288226652174@s.whatsapp.net": 1752166945532,
        "6281770251429@s.whatsapp.net": 1752168005930,
        "6289516226634@s.whatsapp.net": 1752166945577,
        "6282254342030@s.whatsapp.net": 1752166945609,
        "6283120834268@s.whatsapp.net": 1752166945629,
        "16802909855@s.whatsapp.net": 1752166945710,
        "6289509896121@s.whatsapp.net": 1752166945745,
        "6289639780803@s.whatsapp.net": 1752168002093,
        "6282213695534@s.whatsapp.net": 1752168002661,
        "62881026589064@s.whatsapp.net": 1752166946188,
        "6285777418806@s.whatsapp.net": 1752166946386,
        "6283174849747@s.whatsapp.net": 1752168003220,
        "6283899085304@s.whatsapp.net": 1752166946451,
        "6285640321337@s.whatsapp.net": 1752168002851,
        "6287777392309@s.whatsapp.net": 1752168004002,
        "6285792108618@s.whatsapp.net": 1752168002962,
        "628978341097@s.whatsapp.net": 1752166946595,
        "6285729770514@s.whatsapp.net": 1752166946648,
        "6282318238046@s.whatsapp.net": 1752166946679,
        "6285717204161@s.whatsapp.net": 1752168003100,
        "6285700580563@s.whatsapp.net": 1752168012497,
        "6285880649720@s.whatsapp.net": 1752166946787,
        "6285867971563@s.whatsapp.net": 1752168003844,
        "6282245184223@s.whatsapp.net": 1752168500225,
        "6283838213566@s.whatsapp.net": 1752168002945,
        "62895417389089@s.whatsapp.net": 1752168002233,
        "6287804057003@s.whatsapp.net": 1752166947225,
        "6285211327131@s.whatsapp.net": 1752168002410,
        "6288983580216@s.whatsapp.net": 1752166947442,
        "6285108606608@s.whatsapp.net": 1752166947497,
        "6281366406603@s.whatsapp.net": 1752166947540,
        "62895701830020@s.whatsapp.net": 1752166947648,
        "6285824086700@s.whatsapp.net": 1752166947702,
        "6282287541508@s.whatsapp.net": 1752166947819,
        "6282174980626@s.whatsapp.net": 1752166947901,
        "628815767742@s.whatsapp.net": 1752166948119,
        "6287858124711@s.whatsapp.net": 1752168004431,
        "6282220984017@s.whatsapp.net": 1752168004260,
        "6281263267701@s.whatsapp.net": 1752168003241,
        "6285283392586@s.whatsapp.net": 1752168004391,
        "6289514703031@s.whatsapp.net": 1752168002726,
        "6289530824575@s.whatsapp.net": 1752168004226,
        "6282128642648@s.whatsapp.net": 1752168002799,
        "6287822143981@s.whatsapp.net": 1752168006213,
        "6281399913434@s.whatsapp.net": 1752168007057,
        "6283831422346@s.whatsapp.net": 1752168004693,
        "6285811127204@s.whatsapp.net": 1752168005038,
        "6281549309392@s.whatsapp.net": 1752168001667,
        "62887437753126@s.whatsapp.net": 1752168005149,
        "6283168221131@s.whatsapp.net": 1752168009120,
        "6283844531196@s.whatsapp.net": 1752168005790,
        "62882006926814@s.whatsapp.net": 1752168003650,
        "6283849907917@s.whatsapp.net": 1752168013835,
        "6282295293826@s.whatsapp.net": 1752166950870,
        "6283827419049@s.whatsapp.net": 1752168003259,
        "6285381382205@s.whatsapp.net": 1752168002555,
        "6281243578036@s.whatsapp.net": 1752166953532,
        "6285811158617@s.whatsapp.net": 1752168007344,
        "6282219075313@s.whatsapp.net": 1752167698341,
        "6281313109727@s.whatsapp.net": 1752168005152,
        "6281374807060@s.whatsapp.net": 1752166955974,
        "6285194763441@s.whatsapp.net": 1752168007037,
        "6285373900097@s.whatsapp.net": 1752168005056,
        "6283110927128@s.whatsapp.net": 1752166965050,
        "6285334603450@s.whatsapp.net": 1752168023801,
        "6283151449489@s.whatsapp.net": 1752166966635,
        "6282353054898@s.whatsapp.net": 1752166966810,
        "6283153331042@s.whatsapp.net": 1752168006541,
        "6283115856434@s.whatsapp.net": 1752168047990,
        "6287871740713@s.whatsapp.net": 1752168082811,
        "6281374078084@s.whatsapp.net": 1752168003757,
        "6281574776378@s.whatsapp.net": 1752167262685,
        "6282114324280@s.whatsapp.net": 1752166977009,
        "6285375095484@s.whatsapp.net": 1752167002397,
        "6289630636313@s.whatsapp.net": 1752168053297,
        "6287886938872@s.whatsapp.net": 1752168074807,
        "6282262912177@s.whatsapp.net": 1752166994843,
        "6281328903827@s.whatsapp.net": 1752168006067,
        "50361912162@s.whatsapp.net": 1752167026056,
        "6283157318787@s.whatsapp.net": 1752168121683,
        "6287817440825@s.whatsapp.net": 1752167051362,
        "6289677230125@s.whatsapp.net": 1752168014562,
        "6285282363806@s.whatsapp.net": 1752167137409,
        "6283112077295@s.whatsapp.net": 1752167156781,
        "6285156824329@s.whatsapp.net": 1752168004584,
        "62882006764341@s.whatsapp.net": 1752167565147,
        "6285129362435@s.whatsapp.net": 1752167652244,
        "120363418927155010@g.us": 1752170100461,
        "16396663373@s.whatsapp.net": 1752168764414,
        "6288215795636@s.whatsapp.net": 1752167873388,
        "6285774661437@s.whatsapp.net": 1752167999586,
        "6289602977193@s.whatsapp.net": 1752167999851,
        "6282193842978@s.whatsapp.net": 1752167999919,
        "60195352879@s.whatsapp.net": 1752167999967,
        "6285780397857@s.whatsapp.net": 1752168000001,
        "6285959652291@s.whatsapp.net": 1752168000019,
        "6289518751078@s.whatsapp.net": 1752168000052,
        "6285226253321@s.whatsapp.net": 1752168000054,
        "6283160836647@s.whatsapp.net": 1752168000082,
        "6285182365442@s.whatsapp.net": 1752168000085,
        "6285191733463@s.whatsapp.net": 1752168000110,
        "6283138880802@s.whatsapp.net": 1752168000204,
        "6281382047238@s.whatsapp.net": 1752168000654,
        "6282169794726@s.whatsapp.net": 1752168000826,
        "62882009302293@s.whatsapp.net": 1752168000848,
        "6282211555245@s.whatsapp.net": 1752168000861,
        "6285147059467@s.whatsapp.net": 1752168964508,
        "628814081289@s.whatsapp.net": 1752168001094,
        "6285974131178@s.whatsapp.net": 1752168001098,
        "6281937564687@s.whatsapp.net": 1752168001140,
        "6282348773679@s.whatsapp.net": 1752168001182,
        "6285771275223@s.whatsapp.net": 1752168981949,
        "62818220867@s.whatsapp.net": 1752168001411,
        "6287871966250@s.whatsapp.net": 1752168001670,
        "6287741670831@s.whatsapp.net": 1752168001863,
        "6289524361468@s.whatsapp.net": 1752168001891,
        "6285719000721@s.whatsapp.net": 1752168001924,
        "62887435851910@s.whatsapp.net": 1752168001962,
        "6281515103393@s.whatsapp.net": 1752168002067,
        "6281378588087@s.whatsapp.net": 1752168002122,
        "6283854701165@s.whatsapp.net": 1752168002174,
        "6282340211508@s.whatsapp.net": 1752168002260,
        "6281318887442@s.whatsapp.net": 1752168002521,
        "6289513273853@s.whatsapp.net": 1752168003143,
        "6287723511987@s.whatsapp.net": 1752168003203,
        "6282376428086@s.whatsapp.net": 1752168003411,
        "6282214899299@s.whatsapp.net": 1752168003518,
        "6282159705096@s.whatsapp.net": 1752168003549,
        "6282162617414@s.whatsapp.net": 1752168003676,
        "6281295337588@s.whatsapp.net": 1752168003771,
        "6285849047338@s.whatsapp.net": 1752168003825,
        "6287899111689@s.whatsapp.net": 1752168004135,
        "6282363396279@s.whatsapp.net": 1752168004244,
        "6285624436810@s.whatsapp.net": 1752168005132,
        "6281256348895@s.whatsapp.net": 1752168005576,
        "6283849907916@s.whatsapp.net": 1752168010239,
        "6282265160782@s.whatsapp.net": 1752168020816,
        "6285269724604@s.whatsapp.net": 1752168033266,
        "6285150939489@s.whatsapp.net": 1752168078726,
        "6282295360856@s.whatsapp.net": 1752168096581,
        "6289681370462@s.whatsapp.net": 1752168116859,
        "6287838072128@s.whatsapp.net": 1752168329119,
        "628815981973@s.whatsapp.net": 1752168373773,
        "6285138247849@s.whatsapp.net": 1752168413418,
        "6285754614089@s.whatsapp.net": 1752168546767
      },
      "alreadyGreeted": [
        "6283852283393@s.whatsapp.net",
        "6285771275223@s.whatsapp.net",
        "628814081289@s.whatsapp.net"
      ]
    }
  },
  "globalState": {
    "isActive": false,
    "lastMessageTimestamps": {
      "120363128634105670@g.us": 1752328981487,
      "120363420512799752@g.us": 1752190215670,
      "120363415483995229@g.us": 1752206559894,
      "120363420390286947@g.us": 1752328948924,
      "120363418709133549@g.us": 1752328959561,
      "120363048898542530@g.us": 1752186556957,
      "120363418927155010@g.us": 1752206752849,
      "120363419741575049@g.us": 1752206735316,
      "120363419132898490@g.us": 1752187675476,
      "120363407253701365@g.us": 1752328970723,
      "status@broadcast": 1752206633314,
      "120363418927794152@g.us": 1752206756078,
      "120363402765787526@g.us": 1752328889985
    },
    "isQuietMessageSent": {
      "120363128634105670@g.us": false,
      "120363420512799752@g.us": true,
      "120363415483995229@g.us": true,
      "120363420390286947@g.us": false,
      "120363418709133549@g.us": false,
      "120363048898542530@g.us": true,
      "120363418927155010@g.us": true,
      "120363419741575049@g.us": true,
      "120363419132898490@g.us": true,
      "120363407253701365@g.us": false,
      "status@broadcast": true,
      "120363418927794152@g.us": true,
      "120363402765787526@g.us": false
    },
    "lastSenseiPingTime": 1752328934438,
    "hasNgambekSent": false,
    "recentChatters": {
      "120363128634105670@g.us": {
        "6285174135459@s.whatsapp.net": 1752328981487
      },
      "120363420512799752@g.us": {
        "6285174135459@s.whatsapp.net": 1752190215670
      },
      "120363415483995229@g.us": {
        "6285731203110@s.whatsapp.net": 1752183116770,
        "6282234085537@s.whatsapp.net": 1752188974764,
        "120363415483995229@g.us": 1752200720113,
        "6283116754501@s.whatsapp.net": 1752188949825,
        "6285718572640@s.whatsapp.net": 1752188945795,
        "6282186838115@s.whatsapp.net": 1752189206360,
        "6282146271521@s.whatsapp.net": 1752206559894
      },
      "120363420390286947@g.us": {
        "6289663966976@s.whatsapp.net": 1752328927224,
        "6285174135459@s.whatsapp.net": 1752328948924
      },
      "120363418709133549@g.us": {
        "6283824917293@s.whatsapp.net": 1752184805773,
        "6285745832696@s.whatsapp.net": 1752206671030,
        "6285752441270@s.whatsapp.net": 1752186298466,
        "6281371862411@s.whatsapp.net": 1752188122524,
        "6283831931424@s.whatsapp.net": 1752187572553,
        "6282150260727@s.whatsapp.net": 1752188099898,
        "6281354354443@s.whatsapp.net": 1752199823604,
        "6288905119862@s.whatsapp.net": 1752200743029,
        "6285730332363@s.whatsapp.net": 1752328959561
      },
      "120363048898542530@g.us": {
        "601115063299@s.whatsapp.net": 1752186556957
      },
      "120363418927155010@g.us": {
        "6283824917293@s.whatsapp.net": 1752186601214,
        "6285399790961@s.whatsapp.net": 1752186603081,
        "60146920726@s.whatsapp.net": 1752186603610,
        "6283827419049@s.whatsapp.net": 1752186603746,
        "6285959652291@s.whatsapp.net": 1752186816974,
        "6285182766916@s.whatsapp.net": 1752186603805,
        "6281386845034@s.whatsapp.net": 1752186603824,
        "6282337429001@s.whatsapp.net": 1752186604017,
        "6282169794726@s.whatsapp.net": 1752186604066,
        "6285147059467@s.whatsapp.net": 1752200313369,
        "6285282537860@s.whatsapp.net": 1752186605011,
        "6285767357869@s.whatsapp.net": 1752186605014,
        "6287822143981@s.whatsapp.net": 1752186605425,
        "62818220867@s.whatsapp.net": 1752186605453,
        "6285849694476@s.whatsapp.net": 1752186605472,
        "6283899085304@s.whatsapp.net": 1752186605537,
        "6282123700365@s.whatsapp.net": 1752186605613,
        "6282225534681@s.whatsapp.net": 1752186605627,
        "6289518751078@s.whatsapp.net": 1752186605705,
        "6285867971563@s.whatsapp.net": 1752186605788,
        "6285375095484@s.whatsapp.net": 1752186605789,
        "6285771275223@s.whatsapp.net": 1752199707260,
        "6283854701165@s.whatsapp.net": 1752186605906,
        "6282154311193@s.whatsapp.net": 1752186605942,
        "6282245226516@s.whatsapp.net": 1752186605959,
        "6289681915318@s.whatsapp.net": 1752186605961,
        "6283115856434@s.whatsapp.net": 1752186606031,
        "6287838072128@s.whatsapp.net": 1752186606112,
        "6283122533428@s.whatsapp.net": 1752186606128,
        "628567101747@s.whatsapp.net": 1752186606186,
        "628815981973@s.whatsapp.net": 1752186606293,
        "6282114324280@s.whatsapp.net": 1752186606322,
        "6281515103393@s.whatsapp.net": 1752186606388,
        "6281242320725@s.whatsapp.net": 1752186606432,
        "6285624436810@s.whatsapp.net": 1752186606485,
        "6281770251429@s.whatsapp.net": 1752186606509,
        "6283838213566@s.whatsapp.net": 1752186606551,
        "6285373900097@s.whatsapp.net": 1752186606579,
        "6281937564687@s.whatsapp.net": 1752186606653,
        "6285921423486@s.whatsapp.net": 1752186606670,
        "6285138247849@s.whatsapp.net": 1752186606732,
        "6282287541508@s.whatsapp.net": 1752186606865,
        "6285706567298@s.whatsapp.net": 1752186606886,
        "6287784488589@s.whatsapp.net": 1752186607107,
        "6285780397857@s.whatsapp.net": 1752186607111,
        "6287817440825@s.whatsapp.net": 1752186607142,
        "601123350248@s.whatsapp.net": 1752186607199,
        "6282265160782@s.whatsapp.net": 1752186607299,
        "6282275837737@s.whatsapp.net": 1752186607338,
        "6285849047338@s.whatsapp.net": 1752186607356,
        "6282353054898@s.whatsapp.net": 1752186607397,
        "62895383368624@s.whatsapp.net": 1752186607398,
        "6282318238046@s.whatsapp.net": 1752186607761,
        "6282376428086@s.whatsapp.net": 1752186607764,
        "6283160836647@s.whatsapp.net": 1752186607949,
        "6285707865989@s.whatsapp.net": 1752200685323,
        "6282340211508@s.whatsapp.net": 1752186607994,
        "6283151449489@s.whatsapp.net": 1752186608030,
        "6281374807060@s.whatsapp.net": 1752186608171,
        "62881026589064@s.whatsapp.net": 1752186608212,
        "6282295293826@s.whatsapp.net": 1752186608234,
        "62895341976090@s.whatsapp.net": 1752186608353,
        "6287804057003@s.whatsapp.net": 1752186608504,
        "6287886938872@s.whatsapp.net": 1752186608570,
        "6289514703031@s.whatsapp.net": 1752186608771,
        "6285129362435@s.whatsapp.net": 1752186608863,
        "6283891954316@s.whatsapp.net": 1752200457121,
        "6282219075313@s.whatsapp.net": 1752206504565,
        "6285792108618@s.whatsapp.net": 1752186609315,
        "6281366406603@s.whatsapp.net": 1752186609421,
        "6281410649422@s.whatsapp.net": 1752186609523,
        "6285283392586@s.whatsapp.net": 1752186609754,
        "6282262912177@s.whatsapp.net": 1752186610264,
        "6287858124711@s.whatsapp.net": 1752186610286,
        "6281952489903@s.whatsapp.net": 1752186610530,
        "6281175502812@s.whatsapp.net": 1752186610626,
        "6285783585701@s.whatsapp.net": 1752186610661,
        "6289524361468@s.whatsapp.net": 1752186610798,
        "628978341097@s.whatsapp.net": 1752186611631,
        "6285651011663@s.whatsapp.net": 1752186611632,
        "6285600129084@s.whatsapp.net": 1752186611780,
        "6285729770514@s.whatsapp.net": 1752186611886,
        "6287899111689@s.whatsapp.net": 1752186611925,
        "6285811127204@s.whatsapp.net": 1752186612197,
        "6283174849747@s.whatsapp.net": 1752186612473,
        "62887437753126@s.whatsapp.net": 1752186612635,
        "6281399913434@s.whatsapp.net": 1752206746347,
        "6288983580216@s.whatsapp.net": 1752186614065,
        "6282254342030@s.whatsapp.net": 1752186614433,
        "6283168221131@s.whatsapp.net": 1752186614479,
        "6285703062220@s.whatsapp.net": 1752186614662,
        "628815767742@s.whatsapp.net": 1752186614664,
        "6282220984017@s.whatsapp.net": 1752186614920,
        "62882003828416@s.whatsapp.net": 1752186614938,
        "6285824086700@s.whatsapp.net": 1752186615572,
        "6287829163051@s.whatsapp.net": 1752200152621,
        "6287815137372@s.whatsapp.net": 1752186616155,
        "6285211327131@s.whatsapp.net": 1752186616988,
        "6287742717741@s.whatsapp.net": 1752186618405,
        "6287777392309@s.whatsapp.net": 1752186620166,
        "6285381382205@s.whatsapp.net": 1752188424318,
        "6288705542754@s.whatsapp.net": 1752186621341,
        "6289691089619@s.whatsapp.net": 1752186622671,
        "6285880649720@s.whatsapp.net": 1752186624047,
        "6289630636313@s.whatsapp.net": 1752186628519,
        "6285810437655@s.whatsapp.net": 1752186629615,
        "6285176901089@s.whatsapp.net": 1752186630506,
        "6287723511987@s.whatsapp.net": 1752186635182,
        "6282174980626@s.whatsapp.net": 1752186635522,
        "6281374078084@s.whatsapp.net": 1752186639518,
        "6281585519650@s.whatsapp.net": 1752186640827,
        "6281313109727@s.whatsapp.net": 1752186642264,
        "628814081289@s.whatsapp.net": 1752186693588,
        "6285946115262@s.whatsapp.net": 1752186695362,
        "6283831422346@s.whatsapp.net": 1752200701919,
        "6283126656000@s.whatsapp.net": 1752186788877,
        "6288226652174@s.whatsapp.net": 1752186810519,
        "6281256348895@s.whatsapp.net": 1752186826955,
        "62882006403379@s.whatsapp.net": 1752186878860,
        "6285329149955@s.whatsapp.net": 1752186917156,
        "6283138880802@s.whatsapp.net": 1752186974950,
        "6285191965034@s.whatsapp.net": 1752187162807,
        "6289513273853@s.whatsapp.net": 1752187665887,
        "6287871740713@s.whatsapp.net": 1752187725910,
        "6283190004216@s.whatsapp.net": 1752187754871,
        "6288221382633@s.whatsapp.net": 1752187849829,
        "6285150939489@s.whatsapp.net": 1752188416173,
        "6285147945681@s.whatsapp.net": 1752188521024,
        "62895701830020@s.whatsapp.net": 1752188605308,
        "6285133729906@s.whatsapp.net": 1752188759815,
        "6288221125627@s.whatsapp.net": 1752189046266,
        "6283112077295@s.whatsapp.net": 1752189187465,
        "6288286115800@s.whatsapp.net": 1752189284409,
        "6281279935566@s.whatsapp.net": 1752189584401,
        "6282162617414@s.whatsapp.net": 1752189773446,
        "6281385563750@s.whatsapp.net": 1752199585437,
        "6285174135459@s.whatsapp.net": 1752199500040,
        "120363418927155010@g.us": 1752199528029,
        "6285642318929@s.whatsapp.net": 1752199546460,
        "62887437218844@s.whatsapp.net": 1752199823835,
        "601164213774@s.whatsapp.net": 1752200483157,
        "6283803817922@s.whatsapp.net": 1752206349461,
        "6285714199510@s.whatsapp.net": 1752206368450,
        "6285624248990@s.whatsapp.net": 1752206750223,
        "6281237981711@s.whatsapp.net": 1752206752849
      },
      "120363419741575049@g.us": {
        "6282127076951@s.whatsapp.net": 1752187200840,
        "628813915617@s.whatsapp.net": 1752199529140,
        "6281329975707@s.whatsapp.net": 1752199636595,
        "6281285238953@s.whatsapp.net": 1752199639550,
        "6283169029685@s.whatsapp.net": 1752199948683,
        "6285643403248@s.whatsapp.net": 1752199894640,
        "6285869588874@s.whatsapp.net": 1752200030517,
        "6285788573771@s.whatsapp.net": 1752200080700,
        "6287828619119@s.whatsapp.net": 1752200174720,
        "6289516173423@s.whatsapp.net": 1752200176807,
        "6282181414959@s.whatsapp.net": 1752200240495,
        "62895802016020@s.whatsapp.net": 1752200253668,
        "6283898527686@s.whatsapp.net": 1752200259289,
        "62882005338603@s.whatsapp.net": 1752200265797,
        "6283843551916@s.whatsapp.net": 1752206735003,
        "6282295360856@s.whatsapp.net": 1752200662923,
        "6283891954316@s.whatsapp.net": 1752200633290,
        "6283875317140@s.whatsapp.net": 1752206417471,
        "6289501826977@s.whatsapp.net": 1752206735316,
        "6282219075313@s.whatsapp.net": 1752206480050,
        "6282261444213@s.whatsapp.net": 1752206580293,
        "6285606272092@s.whatsapp.net": 1752206560927,
        "6285147179394@s.whatsapp.net": 1752206642378
      },
      "120363419132898490@g.us": {
        "6285381382205@s.whatsapp.net": 1752187674943,
        "6283824917293@s.whatsapp.net": 1752187675476
      },
      "120363407253701365@g.us": {
        "6285692628341@s.whatsapp.net": 1752328892989,
        "6283873259704@s.whatsapp.net": 1752206747086,
        "6283824815550@s.whatsapp.net": 1752206757776,
        "6285174135459@s.whatsapp.net": 1752206759856,
        "6289528672528@s.whatsapp.net": 1752206597434,
        "6281585768022@s.whatsapp.net": 1752199785743,
        "6281217377627@s.whatsapp.net": 1752200748771,
        "6287847652720@s.whatsapp.net": 1752200087600,
        "6289530804739@s.whatsapp.net": 1752200752766,
        "6289526277275@s.whatsapp.net": 1752206356746,
        "6283891967187@s.whatsapp.net": 1752200560847,
        "6281351789831@s.whatsapp.net": 1752200683749,
        "6283141735496@s.whatsapp.net": 1752328881239,
        "6282233734643@s.whatsapp.net": 1752328889384,
        "6285878281416@s.whatsapp.net": 1752328970723
      },
      "status@broadcast": {
        "6285147179394@s.whatsapp.net": 1752206633314
      },
      "120363418927794152@g.us": {
        "120363418927794152@g.us": 1752206756078
      },
      "120363402765787526@g.us": {
        "6282123904015@s.whatsapp.net": 1752328889985
      }
    },
    "alreadyGreeted": [
      "628813915617@s.whatsapp.net",
      "6285745832696@s.whatsapp.net",
      "6285788573771@s.whatsapp.net",
      "6285752441270@s.whatsapp.net",
      "6288221382633@s.whatsapp.net"
    ]
  },
  "excludedGroups": {
    "list": [
      "120363391375495981@g.us",
      "120363224393077504@g.us"
    ],
    "settings": {
      "120363391375495981@g.us": {
        "excludedAt": 1752199399882,
        "excludedBy": "6285174135459@s.whatsapp.net"
      },
      "120363224393077504@g.us": {
        "excludedAt": 1752199411769,
        "excludedBy": "6285174135459@s.whatsapp.net"
      }
    }
  }
}