{
  "120363128634105670@g.us": {
    "participants": [],
    "isActive": false,
    "hasSpun": true,
    "winnerCount": 1
  },
  "120363420512799752@g.us": {
    "participants": [],
    "isActive": false,
    "hasSpun": true,
    "winnerCount": 1
  },
  "120363418927155010@g.us": {
    "participants": [],
    "isActive": false,
    "hasSpun": true,
    "winnerCount": 4
  },
  "120363402948764529@g.us": {
    "participants": [],
    "isActive": false,
    "hasSpun": true,
    "winnerCount": 1
  }
}