{
  "6289653396303@s.whatsapp.net": {
    "spyLevel": 1,
    "spyExp": 300
  },
  "6281292747773@s.whatsapp.net": {
    "spyLevel": 4,
    "spyExp": 600
  },
  "60162158090@s.whatsapp.net": {
    "spyLevel": 1,
    "spyExp": 300
  },
  "62882008663346@s.whatsapp.net": {
    "spyLevel": 1,
    "spyExp": 300
  },
  "6285738265337@s.whatsapp.net": {
    "spyLevel": 1,
    "spyExp": 300
  },
  "6285797557560@s.whatsapp.net": {
    "spyLevel": 4,
    "spyExp": 600
  },
  "6285171662251@s.whatsapp.net": {
    "spyLevel": 1,
    "spyExp": 300
  },
  "6285775466956@s.whatsapp.net": {
    "spyLevel": 4,
    "spyExp": 300
  },
  "6281779347978@s.whatsapp.net": {
    "spyLevel": 3,
    "spyExp": 900
  },
  "6288980966406@s.whatsapp.net": {
    "spyLevel": 2,
    "spyExp": 900
  },
  "6281528765570@s.whatsapp.net": {
    "spyLevel": 1,
    "spyExp": 300
  },
  "6285808912810@s.whatsapp.net": {
    "spyLevel": 1,
    "spyExp": 300
  },
  "6282197471415@s.whatsapp.net": {
    "spyLevel": 1,
    "spyExp": 300
  },
  "6281223261009@s.whatsapp.net": {
    "spyLevel": 3,
    "spyExp": 1200
  },
  "6287781807751@s.whatsapp.net": {
    "spyLevel": 2,
    "spyExp": 0
  },
  "60164558506@s.whatsapp.net": {
    "spyLevel": 3,
    "spyExp": 0
  },
  "6287715913141@s.whatsapp.net": {
    "spyLevel": 1,
    "spyExp": 300
  },
  "6285850373641@s.whatsapp.net": {
    "spyLevel": 1,
    "spyExp": 300
  },
  "6283128450707@s.whatsapp.net": {
    "spyLevel": 1,
    "spyExp": 300
  },
  "6285861332533@s.whatsapp.net": {
    "spyLevel": 1,
    "spyExp": 300
  },
  "62882006333283@s.whatsapp.net": {
    "spyLevel": 1,
    "spyExp": 300
  },
  "6285891127628@s.whatsapp.net": {
    "spyLevel": 3,
    "spyExp": 1200
  },
  "6282231169087@s.whatsapp.net": {
    "spyLevel": 2,
    "spyExp": 600
  },
  "6288298674930@s.whatsapp.net": {
    "spyLevel": 4,
    "spyExp": 900
  },
  "6285591124354@s.whatsapp.net": {
    "spyLevel": 8,
    "spyExp": 2400
  },
  "6283872018918@s.whatsapp.net": {
    "spyLevel": 2,
    "spyExp": 900
  },
  "62895360429846@s.whatsapp.net": {
    "spyLevel": 9,
    "spyExp": 2400
  },
  "6285117101401@s.whatsapp.net": {
    "spyLevel": 9,
    "spyExp": 2400
  },
  "6288223968240@s.whatsapp.net": {
    "spyLevel": 2,
    "spyExp": 300
  },
  "6283153113808@s.whatsapp.net": {
    "spyLevel": 2,
    "spyExp": 600
  },
  "628886268808@s.whatsapp.net": {
    "spyLevel": 2,
    "spyExp": 600
  },
  "6285755248375@s.whatsapp.net": {
    "spyLevel": 1,
    "spyExp": 300
  },
  "62895621167666@s.whatsapp.net": {
    "spyLevel": 4,
    "spyExp": 900
  },
  "6281999691137@s.whatsapp.net": {
    "spyLevel": 1,
    "spyExp": 300
  },
  "6288806471225@s.whatsapp.net": {
    "spyLevel": 1,
    "spyExp": 300
  },
  "60167218146@s.whatsapp.net": {
    "spyLevel": 4,
    "spyExp": 600
  },
  "6289652494117@s.whatsapp.net": {
    "spyLevel": 1,
    "spyExp": 300
  },
  "6288989674682@s.whatsapp.net": {
    "spyLevel": 1,
    "spyExp": 300
  },
  "6281276131133@s.whatsapp.net": {
    "spyLevel": 2,
    "spyExp": 600
  },
  "6283141078424@s.whatsapp.net": {
    "spyLevel": 1,
    "spyExp": 300
  },
  "6285697061352@s.whatsapp.net": {
    "spyLevel": 1,
    "spyExp": 300
  },
  "6283833964465@s.whatsapp.net": {
    "spyLevel": 1,
    "spyExp": 300
  },
  "6285142615342@s.whatsapp.net": {
    "spyLevel": 1,
    "spyExp": 300
  },
  "6285604993183@s.whatsapp.net": {
    "spyLevel": 1,
    "spyExp": 300
  },
  "6285182037506@s.whatsapp.net": {
    "spyLevel": 1,
    "spyExp": 300
  },
  "6288973494267@s.whatsapp.net": {
    "spyLevel": 1,
    "spyExp": 300
  },
  "628980384348@s.whatsapp.net": {
    "spyLevel": 2,
    "spyExp": 0
  },
  "6285700816952@s.whatsapp.net": {
    "spyLevel": 2,
    "spyExp": 0
  }
}