{
  "friendRequests": {
    "6287875373587@s.whatsapp.net": {
      "from": "6281292747773@s.whatsapp.net",
      "timestamp": 1756910289133
    },
    "6285729866839@s.whatsapp.net": {
      "from": "6281292747773@s.whatsapp.net",
      "timestamp": 1757203482792
    },
    "60136298598@s.whatsapp.net": {
      "from": "6281292747773@s.whatsapp.net",
      "timestamp": 1757203490847
    },
    "5491156026912@s.whatsapp.net": {
      "from": "6281292747773@s.whatsapp.net",
      "timestamp": 1757206363464
    },
    "601133212726@s.whatsapp.net": {
      "from": "6281292747773@s.whatsapp.net",
      "timestamp": 1757206398004
    },
    "62895422786611@s.whatsapp.net": {
      "from": "601133212726@s.whatsapp.net",
      "timestamp": 1757206427612
    },
    "6287715913141@s.whatsapp.net": {
      "from": "6281292747773@s.whatsapp.net",
      "timestamp": 1757206961502
    },
    "6281362257385@s.whatsapp.net": {
      "from": "6281292747773@s.whatsapp.net",
      "timestamp": 1757207130723
    },
    "6283861784977@s.whatsapp.net": {
      "from": "6281292747773@s.whatsapp.net",
      "timestamp": 1757209998983
    },
    "59896964543@s.whatsapp.net": {
      "from": "6288980966406@s.whatsapp.net",
      "timestamp": 1757393490392
    },
    "6282197471415@s.whatsapp.net": {
      "from": "6281292747773@s.whatsapp.net",
      "timestamp": 1757410174477
    },
    "6289513998741@s.whatsapp.net": {
      "from": "62882020056260@s.whatsapp.net",
      "timestamp": 1758689491457
    },
    "6282264431370@s.whatsapp.net": {
      "from": "628977221754@s.whatsapp.net",
      "timestamp": 1758879557340
    },
    "6285797557563@s.whatsapp.net": {
      "from": "6285797557560@s.whatsapp.net",
      "timestamp": 1758936400151
    },
    "6287822043933@s.whatsapp.net": {
      "from": "6282231169087@s.whatsapp.net",
      "timestamp": 1758987180028
    },
    "6285166181593@s.whatsapp.net": {
      "from": "6285187075764@s.whatsapp.net",
      "timestamp": 1759231586492
    },
    "6282174858920@s.whatsapp.net": {
      "from": "6285182456217@s.whatsapp.net",
      "timestamp": 1759661143950
    },
    "6281584635532@s.whatsapp.net": {
      "from": "6285891127628@s.whatsapp.net",
      "timestamp": 1759754067487
    },
    "6289663966976@s.whatsapp.net": {
      "from": "628977221754@s.whatsapp.net",
      "timestamp": 1760245100926
    },
    "6287792187907@s.whatsapp.net": {
      "from": "6287833419343@s.whatsapp.net",
      "timestamp": 1760354112534
    },
    "6285779713725@s.whatsapp.net": {
      "from": "6283873501153@s.whatsapp.net",
      "timestamp": 1760477999881
    },
    "62895377230278@s.whatsapp.net": {
      "from": "6287822043933@s.whatsapp.net",
      "timestamp": 1760788528351
    },
    "6285294578643@s.whatsapp.net": {
      "from": "6283873501153@s.whatsapp.net",
      "timestamp": 1760923097838
    }
  },
  "friendList": {
    "6288980966406@s.whatsapp.net": [
      "6281292747773@s.whatsapp.net"
    ],
    "6281292747773@s.whatsapp.net": [
      "6288980966406@s.whatsapp.net",
      "6281400713233@s.whatsapp.net",
      "6285891127628@s.whatsapp.net",
      "6289663966976@s.whatsapp.net"
    ],
    "6281400713233@s.whatsapp.net": [
      "6281292747773@s.whatsapp.net"
    ],
    "60164558506@s.whatsapp.net": [
      "60196207461@s.whatsapp.net",
      "6285797557560@s.whatsapp.net",
      "6285891127628@s.whatsapp.net",
      "6283113062771@s.whatsapp.net",
      "60147228463@s.whatsapp.net"
    ],
    "60196207461@s.whatsapp.net": [
      "60164558506@s.whatsapp.net",
      "6285797557560@s.whatsapp.net",
      "6285891127628@s.whatsapp.net"
    ],
    "6285797557560@s.whatsapp.net": [
      "60164558506@s.whatsapp.net",
      "60196207461@s.whatsapp.net",
      "6285797557563@s.whatsapp.net",
      "628977221754@s.whatsapp.net",
      "6283190010990@s.whatsapp.net",
      "6285891127628@s.whatsapp.net",
      "6285642312870@s.whatsapp.net"
    ],
    "6285891127628@s.whatsapp.net": [
      "6281292747773@s.whatsapp.net",
      "6285117101401@s.whatsapp.net",
      "60164558506@s.whatsapp.net",
      "60196207461@s.whatsapp.net",
      "6289663966976@s.whatsapp.net",
      "6282231169087@s.whatsapp.net",
      "6287822043933@s.whatsapp.net",
      "628977221754@s.whatsapp.net",
      "62882020056260@s.whatsapp.net",
      "6283190010990@s.whatsapp.net",
      "6288298674930@s.whatsapp.net",
      "6282268856541@s.whatsapp.net",
      "6285797557560@s.whatsapp.net",
      "6281584635532@s.whatsapp.net",
      "51962623403@s.whatsapp.net",
      "886972421755@s.whatsapp.net"
    ],
    "6285117101401@s.whatsapp.net": [
      "6285891127628@s.whatsapp.net",
      "6288298674930@s.whatsapp.net",
      "6281584635532@s.whatsapp.net",
      "6282231169087@s.whatsapp.net"
    ],
    "6289663966976@s.whatsapp.net": [
      "6281292747773@s.whatsapp.net",
      "6285891127628@s.whatsapp.net",
      "6282231169087@s.whatsapp.net",
      "6283190010990@s.whatsapp.net",
      "6281522766667@s.whatsapp.net"
    ],
    "6281938128543@s.whatsapp.net": [
      "6285315743237@s.whatsapp.net"
    ],
    "6285315743237@s.whatsapp.net": [
      "6281938128543@s.whatsapp.net"
    ],
    "6283113062771@s.whatsapp.net": [
      "60164558506@s.whatsapp.net"
    ],
    "60147228463@s.whatsapp.net": [
      "60164558506@s.whatsapp.net",
      "6282231169087@s.whatsapp.net"
    ],
    "6285797557563@s.whatsapp.net": [
      "6285797557560@s.whatsapp.net"
    ],
    "6282231169087@s.whatsapp.net": [
      "60147228463@s.whatsapp.net",
      "6287822043933@s.whatsapp.net",
      "6289663966976@s.whatsapp.net",
      "6285891127628@s.whatsapp.net",
      "6285117101401@s.whatsapp.net"
    ],
    "6287822043933@s.whatsapp.net": [
      "6282231169087@s.whatsapp.net",
      "6285891127628@s.whatsapp.net"
    ],
    "62882020056260@s.whatsapp.net": [
      "6283190010990@s.whatsapp.net",
      "628977221754@s.whatsapp.net",
      "6285891127628@s.whatsapp.net"
    ],
    "6283190010990@s.whatsapp.net": [
      "62882020056260@s.whatsapp.net",
      "6285891127628@s.whatsapp.net",
      "628977221754@s.whatsapp.net",
      "6283174674423@s.whatsapp.net",
      "6285797557560@s.whatsapp.net",
      "6289663966976@s.whatsapp.net"
    ],
    "6288298674930@s.whatsapp.net": [
      "6285117101401@s.whatsapp.net",
      "6285891127628@s.whatsapp.net"
    ],
    "6281584635532@s.whatsapp.net": [
      "6285117101401@s.whatsapp.net",
      "6285891127628@s.whatsapp.net"
    ],
    "628977221754@s.whatsapp.net": [
      "6285797557560@s.whatsapp.net",
      "62882020056260@s.whatsapp.net",
      "6285891127628@s.whatsapp.net",
      "6283190010990@s.whatsapp.net"
    ],
    "6283174674423@s.whatsapp.net": [
      "6283190010990@s.whatsapp.net"
    ],
    "6285642312870@s.whatsapp.net": [
      "6285742937952@s.whatsapp.net",
      "6285797557560@s.whatsapp.net"
    ],
    "6285742937952@s.whatsapp.net": [
      "6285642312870@s.whatsapp.net"
    ],
    "6282268856541@s.whatsapp.net": [
      "6285891127628@s.whatsapp.net"
    ],
    "6281522766667@s.whatsapp.net": [
      "6289663966976@s.whatsapp.net"
    ],
    "51962623403@s.whatsapp.net": [
      "6285891127628@s.whatsapp.net"
    ],
    "6285187034817@s.whatsapp.net": [
      "6281264923261@s.whatsapp.net"
    ],
    "6281264923261@s.whatsapp.net": [
      "6285187034817@s.whatsapp.net"
    ],
    "886972421755@s.whatsapp.net": [
      "6285891127628@s.whatsapp.net"
    ]
  },
  "streaks": {
    "6281292747773@s.whatsapp.net-6281400713233@s.whatsapp.net": {
      "count": 0,
      "lastDate": "",
      "pings": {
        "6281292747773@s.whatsapp.net": "2025-09-07"
      },
      "participants": [
        "6281292747773@s.whatsapp.net",
        "6281400713233@s.whatsapp.net"
      ]
    },
    "6281292747773@s.whatsapp.net-6288980966406@s.whatsapp.net": {
      "count": 2,
      "lastDate": "2025-09-25",
      "pings": {
        "6281292747773@s.whatsapp.net": "2025-09-25",
        "6288980966406@s.whatsapp.net": "2025-09-25"
      },
      "participants": [
        "6281292747773@s.whatsapp.net",
        "6288980966406@s.whatsapp.net"
      ]
    },
    "60164558506@s.whatsapp.net-60196207461@s.whatsapp.net": {
      "count": 9,
      "lastDate": "2025-09-27",
      "pings": {
        "60196207461@s.whatsapp.net": "2025-09-27",
        "60164558506@s.whatsapp.net": "2025-09-27"
      },
      "participants": [
        "60196207461@s.whatsapp.net",
        "60164558506@s.whatsapp.net"
      ]
    },
    "60164558506@s.whatsapp.net-6285797557560@s.whatsapp.net": {
      "count": 7,
      "lastDate": "2025-09-27",
      "pings": {
        "60164558506@s.whatsapp.net": "2025-09-27",
        "6285797557560@s.whatsapp.net": "2025-09-27"
      },
      "participants": [
        "60164558506@s.whatsapp.net",
        "6285797557560@s.whatsapp.net"
      ]
    },
    "60196207461@s.whatsapp.net-6285797557560@s.whatsapp.net": {
      "count": 7,
      "lastDate": "2025-09-27",
      "pings": {
        "6285797557560@s.whatsapp.net": "2025-09-27",
        "60196207461@s.whatsapp.net": "2025-09-27"
      },
      "participants": [
        "6285797557560@s.whatsapp.net",
        "60196207461@s.whatsapp.net"
      ]
    },
    "6281292747773@s.whatsapp.net-6285891127628@s.whatsapp.net": {
      "count": 5,
      "lastDate": "2025-09-25",
      "pings": {
        "6281292747773@s.whatsapp.net": "2025-09-25",
        "6285891127628@s.whatsapp.net": "2025-09-25"
      },
      "participants": [
        "6281292747773@s.whatsapp.net",
        "6285891127628@s.whatsapp.net"
      ]
    },
    "6285117101401@s.whatsapp.net-6285891127628@s.whatsapp.net": {
      "count": 28,
      "lastDate": "2025-10-27",
      "pings": {
        "6285891127628@s.whatsapp.net": "2025-10-27",
        "6285117101401@s.whatsapp.net": "2025-10-27"
      },
      "participants": [
        "6285891127628@s.whatsapp.net",
        "6285117101401@s.whatsapp.net"
      ]
    },
    "6281292747773@s.whatsapp.net-6289663966976@s.whatsapp.net": {
      "count": 4,
      "lastDate": "2025-09-25",
      "pings": {
        "6281292747773@s.whatsapp.net": "2025-09-25",
        "6289663966976@s.whatsapp.net": "2025-09-25"
      },
      "participants": [
        "6281292747773@s.whatsapp.net",
        "6289663966976@s.whatsapp.net"
      ]
    },
    "6281938128543@s.whatsapp.net-6285315743237@s.whatsapp.net": {
      "count": 3,
      "lastDate": "2025-09-28",
      "pings": {
        "6285315743237@s.whatsapp.net": "2025-09-28",
        "6281938128543@s.whatsapp.net": "2025-09-28"
      },
      "participants": [
        "6285315743237@s.whatsapp.net",
        "6281938128543@s.whatsapp.net"
      ]
    },
    "60164558506@s.whatsapp.net-6285891127628@s.whatsapp.net": {
      "count": 1,
      "lastDate": "2025-09-26",
      "pings": {
        "6285891127628@s.whatsapp.net": "2025-09-26",
        "60164558506@s.whatsapp.net": "2025-09-27"
      },
      "participants": [
        "6285891127628@s.whatsapp.net",
        "60164558506@s.whatsapp.net"
      ]
    },
    "60196207461@s.whatsapp.net-6285891127628@s.whatsapp.net": {
      "count": 1,
      "lastDate": "2025-09-26",
      "pings": {
        "6285891127628@s.whatsapp.net": "2025-09-26",
        "60196207461@s.whatsapp.net": "2025-09-27"
      },
      "participants": [
        "6285891127628@s.whatsapp.net",
        "60196207461@s.whatsapp.net"
      ]
    },
    "60147228463@s.whatsapp.net-60164558506@s.whatsapp.net": {
      "count": 2,
      "lastDate": "2025-09-27",
      "pings": {
        "60147228463@s.whatsapp.net": "2025-09-27",
        "60164558506@s.whatsapp.net": "2025-09-27"
      },
      "participants": [
        "60147228463@s.whatsapp.net",
        "60164558506@s.whatsapp.net"
      ]
    },
    "6285797557560@s.whatsapp.net-6285797557563@s.whatsapp.net": {
      "count": 5,
      "lastDate": "2025-10-19",
      "pings": {
        "6285797557560@s.whatsapp.net": "2025-10-19",
        "6285797557563@s.whatsapp.net": "2025-10-19"
      },
      "participants": [
        "6285797557560@s.whatsapp.net",
        "6285797557563@s.whatsapp.net"
      ]
    },
    "60147228463@s.whatsapp.net-6282231169087@s.whatsapp.net": {
      "count": 2,
      "lastDate": "2025-09-29",
      "pings": {
        "60147228463@s.whatsapp.net": "2025-09-29",
        "6282231169087@s.whatsapp.net": "2025-10-06"
      },
      "participants": [
        "60147228463@s.whatsapp.net",
        "6282231169087@s.whatsapp.net"
      ]
    },
    "6285891127628@s.whatsapp.net-6289663966976@s.whatsapp.net": {
      "count": 5,
      "lastDate": "2025-10-13",
      "pings": {
        "6289663966976@s.whatsapp.net": "2025-10-13",
        "6285891127628@s.whatsapp.net": "2025-10-14"
      },
      "participants": [
        "6289663966976@s.whatsapp.net",
        "6285891127628@s.whatsapp.net"
      ]
    },
    "6282231169087@s.whatsapp.net-6287822043933@s.whatsapp.net": {
      "count": 16,
      "lastDate": "2025-10-16",
      "pings": {
        "6282231169087@s.whatsapp.net": "2025-10-16",
        "6287822043933@s.whatsapp.net": "2025-10-19"
      },
      "participants": [
        "6282231169087@s.whatsapp.net",
        "6287822043933@s.whatsapp.net"
      ]
    },
    "6283190010990@s.whatsapp.net-62882020056260@s.whatsapp.net": {
      "count": 7,
      "lastDate": "2025-10-14",
      "pings": {
        "62882020056260@s.whatsapp.net": "2025-10-14",
        "6283190010990@s.whatsapp.net": "2025-10-15"
      },
      "participants": [
        "62882020056260@s.whatsapp.net",
        "6283190010990@s.whatsapp.net"
      ]
    },
    "6282231169087@s.whatsapp.net-6289663966976@s.whatsapp.net": {
      "count": 13,
      "lastDate": "2025-10-14",
      "pings": {
        "6289663966976@s.whatsapp.net": "2025-10-14",
        "6282231169087@s.whatsapp.net": "2025-10-22"
      },
      "participants": [
        "6289663966976@s.whatsapp.net",
        "6282231169087@s.whatsapp.net"
      ]
    },
    "6285117101401@s.whatsapp.net-6288298674930@s.whatsapp.net": {
      "count": 21,
      "lastDate": "2025-10-27",
      "pings": {
        "6285117101401@s.whatsapp.net": "2025-10-27",
        "6288298674930@s.whatsapp.net": "2025-10-27"
      },
      "participants": [
        "6285117101401@s.whatsapp.net",
        "6288298674930@s.whatsapp.net"
      ]
    },
    "6281584635532@s.whatsapp.net-6285117101401@s.whatsapp.net": {
      "count": 13,
      "lastDate": "2025-10-27",
      "pings": {
        "6285117101401@s.whatsapp.net": "2025-10-27",
        "6281584635532@s.whatsapp.net": "2025-10-27"
      },
      "participants": [
        "6285117101401@s.whatsapp.net",
        "6281584635532@s.whatsapp.net"
      ]
    },
    "6282231169087@s.whatsapp.net-6285891127628@s.whatsapp.net": {
      "count": 13,
      "lastDate": "2025-10-18",
      "pings": {
        "6285891127628@s.whatsapp.net": "2025-10-18",
        "6282231169087@s.whatsapp.net": "2025-10-22"
      },
      "participants": [
        "6285891127628@s.whatsapp.net",
        "6282231169087@s.whatsapp.net"
      ]
    },
    "6282231169087@s.whatsapp.net-6285117101401@s.whatsapp.net": {
      "count": 4,
      "lastDate": "2025-10-02",
      "pings": {
        "6282231169087@s.whatsapp.net": "2025-10-04",
        "6285117101401@s.whatsapp.net": "2025-10-02"
      },
      "participants": [
        "6282231169087@s.whatsapp.net",
        "6285117101401@s.whatsapp.net"
      ]
    },
    "6285797557560@s.whatsapp.net-628977221754@s.whatsapp.net": {
      "count": 10,
      "lastDate": "2025-10-14",
      "pings": {
        "6285797557560@s.whatsapp.net": "2025-10-16",
        "628977221754@s.whatsapp.net": "2025-10-14"
      },
      "participants": [
        "6285797557560@s.whatsapp.net",
        "628977221754@s.whatsapp.net"
      ]
    },
    "62882020056260@s.whatsapp.net-628977221754@s.whatsapp.net": {
      "count": 2,
      "lastDate": "2025-10-06",
      "pings": {
        "628977221754@s.whatsapp.net": "2025-10-14",
        "62882020056260@s.whatsapp.net": "2025-10-06"
      },
      "participants": [
        "628977221754@s.whatsapp.net",
        "62882020056260@s.whatsapp.net"
      ]
    },
    "6285891127628@s.whatsapp.net-628977221754@s.whatsapp.net": {
      "count": 3,
      "lastDate": "2025-10-14",
      "pings": {
        "628977221754@s.whatsapp.net": "2025-10-14",
        "6285891127628@s.whatsapp.net": "2025-10-14"
      },
      "participants": [
        "628977221754@s.whatsapp.net",
        "6285891127628@s.whatsapp.net"
      ]
    },
    "6283190010990@s.whatsapp.net-6285891127628@s.whatsapp.net": {
      "count": 7,
      "lastDate": "2025-10-15",
      "pings": {
        "6283190010990@s.whatsapp.net": "2025-10-16",
        "6285891127628@s.whatsapp.net": "2025-10-15"
      },
      "participants": [
        "6283190010990@s.whatsapp.net",
        "6285891127628@s.whatsapp.net"
      ]
    },
    "6283190010990@s.whatsapp.net-628977221754@s.whatsapp.net": {
      "count": 6,
      "lastDate": "2025-10-14",
      "pings": {
        "6283190010990@s.whatsapp.net": "2025-10-14",
        "628977221754@s.whatsapp.net": "2025-10-14"
      },
      "participants": [
        "6283190010990@s.whatsapp.net",
        "628977221754@s.whatsapp.net"
      ]
    },
    "6285642312870@s.whatsapp.net-6285742937952@s.whatsapp.net": {
      "count": 8,
      "lastDate": "2025-10-19",
      "pings": {
        "6285742937952@s.whatsapp.net": "2025-10-19",
        "6285642312870@s.whatsapp.net": "2025-10-19"
      },
      "participants": [
        "6285742937952@s.whatsapp.net",
        "6285642312870@s.whatsapp.net"
      ]
    },
    "6285891127628@s.whatsapp.net-62882020056260@s.whatsapp.net": {
      "count": 5,
      "lastDate": "2025-10-14",
      "pings": {
        "6285891127628@s.whatsapp.net": "2025-10-15",
        "62882020056260@s.whatsapp.net": "2025-10-14"
      },
      "participants": [
        "6285891127628@s.whatsapp.net",
        "62882020056260@s.whatsapp.net"
      ]
    },
    "6285891127628@s.whatsapp.net-6288298674930@s.whatsapp.net": {
      "count": 16,
      "lastDate": "2025-10-27",
      "pings": {
        "6285891127628@s.whatsapp.net": "2025-10-27",
        "6288298674930@s.whatsapp.net": "2025-10-27"
      },
      "participants": [
        "6285891127628@s.whatsapp.net",
        "6288298674930@s.whatsapp.net"
      ]
    },
    "6283190010990@s.whatsapp.net-6285797557560@s.whatsapp.net": {
      "count": 6,
      "lastDate": "2025-10-16",
      "pings": {
        "6285797557560@s.whatsapp.net": "2025-10-16",
        "6283190010990@s.whatsapp.net": "2025-10-16"
      },
      "participants": [
        "6285797557560@s.whatsapp.net",
        "6283190010990@s.whatsapp.net"
      ]
    },
    "6282268856541@s.whatsapp.net-6285891127628@s.whatsapp.net": {
      "count": 1,
      "lastDate": "2025-10-10",
      "pings": {
        "6282268856541@s.whatsapp.net": "2025-10-10",
        "6285891127628@s.whatsapp.net": "2025-10-10"
      },
      "participants": [
        "6282268856541@s.whatsapp.net",
        "6285891127628@s.whatsapp.net"
      ]
    },
    "6285797557560@s.whatsapp.net-6285891127628@s.whatsapp.net": {
      "count": 4,
      "lastDate": "2025-10-16",
      "pings": {
        "6285891127628@s.whatsapp.net": "2025-10-16",
        "6285797557560@s.whatsapp.net": "2025-10-16"
      },
      "participants": [
        "6285891127628@s.whatsapp.net",
        "6285797557560@s.whatsapp.net"
      ]
    },
    "6283190010990@s.whatsapp.net-6289663966976@s.whatsapp.net": {
      "count": 1,
      "lastDate": "2025-10-12",
      "pings": {
        "6283190010990@s.whatsapp.net": "2025-10-15",
        "6289663966976@s.whatsapp.net": "2025-10-12"
      },
      "participants": [
        "6283190010990@s.whatsapp.net",
        "6289663966976@s.whatsapp.net"
      ]
    },
    "6281584635532@s.whatsapp.net-6285891127628@s.whatsapp.net": {
      "count": 13,
      "lastDate": "2025-10-27",
      "pings": {
        "6285891127628@s.whatsapp.net": "2025-10-27",
        "6281584635532@s.whatsapp.net": "2025-10-27"
      },
      "participants": [
        "6285891127628@s.whatsapp.net",
        "6281584635532@s.whatsapp.net"
      ]
    },
    "51962623403@s.whatsapp.net-6285891127628@s.whatsapp.net": {
      "count": 0,
      "lastDate": "",
      "pings": {
        "6285891127628@s.whatsapp.net": "2025-10-13"
      },
      "participants": [
        "6285891127628@s.whatsapp.net",
        "51962623403@s.whatsapp.net"
      ]
    },
    "6281264923261@s.whatsapp.net-6285187034817@s.whatsapp.net": {
      "count": 3,
      "lastDate": "2025-10-16",
      "pings": {
        "6281264923261@s.whatsapp.net": "2025-10-16",
        "6285187034817@s.whatsapp.net": "2025-10-16"
      },
      "participants": [
        "6281264923261@s.whatsapp.net",
        "6285187034817@s.whatsapp.net"
      ]
    },
    "6285642312870@s.whatsapp.net-6285797557560@s.whatsapp.net": {
      "count": 1,
      "lastDate": "2025-10-16",
      "pings": {
        "6285797557560@s.whatsapp.net": "2025-10-16",
        "6285642312870@s.whatsapp.net": "2025-10-16"
      },
      "participants": [
        "6285797557560@s.whatsapp.net",
        "6285642312870@s.whatsapp.net"
      ]
    },
    "6285891127628@s.whatsapp.net-886972421755@s.whatsapp.net": {
      "count": 0,
      "lastDate": "",
      "pings": {
        "6285891127628@s.whatsapp.net": "2025-10-27"
      },
      "participants": [
        "6285891127628@s.whatsapp.net",
        "886972421755@s.whatsapp.net"
      ]
    }
  }
}