{
  "games": {},
  "monopoli": {
    "games": {
      "120363421938515460@g.us": {
        "players": {
          "6289530937717@s.whatsapp.net": {
            "pos": 11,
            "money": 428,
            "props": [
              5,
              9,
              8
            ]
          },
          "6285603667719@s.whatsapp.net": {
            "pos": 4,
            "money": 222,
            "props": [
              7,
              11,
              1,
              3
            ]
          }
        },
        "turnOrder": [
          "6289530937717@s.whatsapp.net",
          "6285603667719@s.whatsapp.net"
        ],
        "turnIndex": 1,
        "board": [
          {
            "name": "Start",
            "type": "start"
          },
          {
            "name": "Tanah 1",
            "type": "property",
            "price": 100,
            "rent": 10,
            "owner": "6285603667719@s.whatsapp.net"
          },
          {
            "name": "Pajak",
            "type": "tax",
            "amount": 50
          },
          {
            "name": "Tanah 2",
            "type": "property",
            "price": 120,
            "rent": 12,
            "owner": "6285603667719@s.whatsapp.net"
          },
          {
            "name": "Penjara",
            "type": "jail"
          },
          {
            "name": "Tanah 3",
            "type": "property",
            "price": 150,
            "rent": 15,
            "owner": "6289530937717@s.whatsapp.net"
          },
          {
            "name": "Kesempatan",
            "type": "chance"
          },
          {
            "name": "Stasiun",
            "type": "property",
            "price": 130,
            "rent": 13,
            "owner": "6285603667719@s.whatsapp.net"
          },
          {
            "name": "Hotel",
            "type": "property",
            "price": 200,
            "rent": 25,
            "owner": "6289530937717@s.whatsapp.net"
          },
          {
            "name": "Taman",
            "type": "property",
            "price": 110,
            "rent": 11,
            "owner": "6289530937717@s.whatsapp.net"
          },
          {
            "name": "Pajak Mewah",
            "type": "tax",
            "amount": 100
          },
          {
            "name": "Tanah 4",
            "type": "property",
            "price": 140,
            "rent": 14,
            "owner": "6285603667719@s.whatsapp.net"
          }
        ],
        "pendingBuy": null,
        "started": true
      },
      "120363407253701365@g.us": {
        "players": {
          "6283159766887@s.whatsapp.net": {
            "pos": 0,
            "money": 1500,
            "props": []
          }
        },
        "turnOrder": [
          "6283159766887@s.whatsapp.net"
        ],
        "turnIndex": 0,
        "board": [
          {
            "name": "Start",
            "type": "start"
          },
          {
            "name": "Tanah 1",
            "type": "property",
            "price": 100,
            "rent": 10,
            "owner": null
          },
          {
            "name": "Pajak",
            "type": "tax",
            "amount": 50
          },
          {
            "name": "Tanah 2",
            "type": "property",
            "price": 120,
            "rent": 12,
            "owner": null
          },
          {
            "name": "Penjara",
            "type": "jail"
          },
          {
            "name": "Tanah 3",
            "type": "property",
            "price": 150,
            "rent": 15,
            "owner": null
          },
          {
            "name": "Kesempatan",
            "type": "chance"
          },
          {
            "name": "Stasiun",
            "type": "property",
            "price": 130,
            "rent": 13,
            "owner": null
          },
          {
            "name": "Hotel",
            "type": "property",
            "price": 200,
            "rent": 25,
            "owner": null
          },
          {
            "name": "Taman",
            "type": "property",
            "price": 110,
            "rent": 11,
            "owner": null
          },
          {
            "name": "Pajak Mewah",
            "type": "tax",
            "amount": 100
          },
          {
            "name": "Tanah 4",
            "type": "property",
            "price": 140,
            "rent": 14,
            "owner": null
          }
        ],
        "pendingBuy": null,
        "started": false
      },
      "120363418939256164@g.us": {
        "players": {
          "6285700816952@s.whatsapp.net": {
            "pos": 2,
            "money": 1300,
            "props": [
              5
            ]
          },
          "62895360364711@s.whatsapp.net": {
            "pos": 0,
            "money": 1500,
            "props": []
          },
          "6285861332533@s.whatsapp.net": {
            "pos": 0,
            "money": 1500,
            "props": []
          }
        },
        "turnOrder": [
          "6285700816952@s.whatsapp.net",
          "62895360364711@s.whatsapp.net",
          "6285861332533@s.whatsapp.net"
        ],
        "turnIndex": 1,
        "board": [
          {
            "name": "Start",
            "type": "start"
          },
          {
            "name": "Tanah 1",
            "type": "property",
            "price": 100,
            "rent": 10,
            "owner": null
          },
          {
            "name": "Pajak",
            "type": "tax",
            "amount": 50
          },
          {
            "name": "Tanah 2",
            "type": "property",
            "price": 120,
            "rent": 12,
            "owner": null
          },
          {
            "name": "Penjara",
            "type": "jail"
          },
          {
            "name": "Tanah 3",
            "type": "property",
            "price": 150,
            "rent": 15,
            "owner": "6285700816952@s.whatsapp.net"
          },
          {
            "name": "Kesempatan",
            "type": "chance"
          },
          {
            "name": "Stasiun",
            "type": "property",
            "price": 130,
            "rent": 13,
            "owner": null
          },
          {
            "name": "Hotel",
            "type": "property",
            "price": 200,
            "rent": 25,
            "owner": null
          },
          {
            "name": "Taman",
            "type": "property",
            "price": 110,
            "rent": 11,
            "owner": null
          },
          {
            "name": "Pajak Mewah",
            "type": "tax",
            "amount": 100
          },
          {
            "name": "Tanah 4",
            "type": "property",
            "price": 140,
            "rent": 14,
            "owner": null
          }
        ],
        "pendingBuy": {
          "user": "6285700816952@s.whatsapp.net",
          "tileIndex": 9
        },
        "started": true
      },
      "120363367845737454@g.us": {
        "players": {
          "6288298674930@s.whatsapp.net": {
            "pos": 0,
            "money": 1500,
            "props": []
          }
        },
        "turnOrder": [
          "6288298674930@s.whatsapp.net"
        ],
        "turnIndex": 0,
        "board": [
          {
            "name": "Start",
            "type": "start"
          },
          {
            "name": "Tanah 1",
            "type": "property",
            "price": 100,
            "rent": 10,
            "owner": null
          },
          {
            "name": "Pajak",
            "type": "tax",
            "amount": 50
          },
          {
            "name": "Tanah 2",
            "type": "property",
            "price": 120,
            "rent": 12,
            "owner": null
          },
          {
            "name": "Penjara",
            "type": "jail"
          },
          {
            "name": "Tanah 3",
            "type": "property",
            "price": 150,
            "rent": 15,
            "owner": null
          },
          {
            "name": "Kesempatan",
            "type": "chance"
          },
          {
            "name": "Stasiun",
            "type": "property",
            "price": 130,
            "rent": 13,
            "owner": null
          },
          {
            "name": "Hotel",
            "type": "property",
            "price": 200,
            "rent": 25,
            "owner": null
          },
          {
            "name": "Taman",
            "type": "property",
            "price": 110,
            "rent": 11,
            "owner": null
          },
          {
            "name": "Pajak Mewah",
            "type": "tax",
            "amount": 100
          },
          {
            "name": "Tanah 4",
            "type": "property",
            "price": 140,
            "rent": 14,
            "owner": null
          }
        ],
        "pendingBuy": null,
        "started": false
      },
      "120363420862355744@g.us": {
        "players": {
          "6289506295318@s.whatsapp.net": {
            "pos": 0,
            "money": 1500,
            "props": []
          },
          "6285748521127@s.whatsapp.net": {
            "pos": 0,
            "money": 1500,
            "props": []
          }
        },
        "turnOrder": [
          "6289506295318@s.whatsapp.net",
          "6285748521127@s.whatsapp.net"
        ],
        "turnIndex": 0,
        "board": [
          {
            "name": "Start",
            "type": "start"
          },
          {
            "name": "Tanah 1",
            "type": "property",
            "price": 100,
            "rent": 10,
            "owner": null
          },
          {
            "name": "Pajak",
            "type": "tax",
            "amount": 50
          },
          {
            "name": "Tanah 2",
            "type": "property",
            "price": 120,
            "rent": 12,
            "owner": null
          },
          {
            "name": "Penjara",
            "type": "jail"
          },
          {
            "name": "Tanah 3",
            "type": "property",
            "price": 150,
            "rent": 15,
            "owner": null
          },
          {
            "name": "Kesempatan",
            "type": "chance"
          },
          {
            "name": "Stasiun",
            "type": "property",
            "price": 130,
            "rent": 13,
            "owner": null
          },
          {
            "name": "Hotel",
            "type": "property",
            "price": 200,
            "rent": 25,
            "owner": null
          },
          {
            "name": "Taman",
            "type": "property",
            "price": 110,
            "rent": 11,
            "owner": null
          },
          {
            "name": "Pajak Mewah",
            "type": "tax",
            "amount": 100
          },
          {
            "name": "Tanah 4",
            "type": "property",
            "price": 140,
            "rent": 14,
            "owner": null
          }
        ],
        "pendingBuy": null,
        "started": true
      },
      "120363404591476826@g.us": {
        "players": {
          "6285655516843@s.whatsapp.net": {
            "pos": 3,
            "money": 1400,
            "props": [
              1
            ]
          },
          "6285270720320@s.whatsapp.net": {
            "pos": 0,
            "money": 1500,
            "props": []
          }
        },
        "turnOrder": [
          "6285655516843@s.whatsapp.net",
          "6285270720320@s.whatsapp.net"
        ],
        "turnIndex": 0,
        "board": [
          {
            "name": "Start",
            "type": "start"
          },
          {
            "name": "Tanah 1",
            "type": "property",
            "price": 100,
            "rent": 10,
            "owner": "6285655516843@s.whatsapp.net"
          },
          {
            "name": "Pajak",
            "type": "tax",
            "amount": 50
          },
          {
            "name": "Tanah 2",
            "type": "property",
            "price": 120,
            "rent": 12,
            "owner": null
          },
          {
            "name": "Penjara",
            "type": "jail"
          },
          {
            "name": "Tanah 3",
            "type": "property",
            "price": 150,
            "rent": 15,
            "owner": null
          },
          {
            "name": "Kesempatan",
            "type": "chance"
          },
          {
            "name": "Stasiun",
            "type": "property",
            "price": 130,
            "rent": 13,
            "owner": null
          },
          {
            "name": "Hotel",
            "type": "property",
            "price": 200,
            "rent": 25,
            "owner": null
          },
          {
            "name": "Taman",
            "type": "property",
            "price": 110,
            "rent": 11,
            "owner": null
          },
          {
            "name": "Pajak Mewah",
            "type": "tax",
            "amount": 100
          },
          {
            "name": "Tanah 4",
            "type": "property",
            "price": 140,
            "rent": 14,
            "owner": null
          }
        ],
        "pendingBuy": {
          "user": "6285655516843@s.whatsapp.net",
          "tileIndex": 3
        },
        "started": true
      }
    }
  }
}